{
  "_fv": 18,
  "_type": "armor",
  "definition": {
    "enableHelmet": true,
    "textureHelmet": "helmet_of_hell",
    "enableBody": true,
    "textureBody": "chestplate_of_hell",
    "enableLeggings": true,
    "textureLeggings": "leggings_of_hell",
    "enableBoots": true,
    "textureBoots": "boots_of_hell",
    "creativeTab": {
      "value": "CUSTOM:HellTab"
    },
    "armorTextureFile": "hell_",
    "helmetName": "Armor Of Hell Helmet",
    "bodyName": "Armor Of Hell Body",
    "leggingsName": "Armor Of Hell Leggings",
    "bootsName": "Armor Of Hell Boots",
    "helmetSpecialInfo": [],
    "bodySpecialInfo": [],
    "leggingsSpecialInfo": [],
    "bootsSpecialInfo": [],
    "helmetModelName": "Default",
    "helmetModelPart": "Helmet",
    "helmetModelTexture": "From armor",
    "bodyModelName": "Default",
    "bodyModelPart": "Body",
    "armsModelPartL": "Arms L",
    "armsModelPartR": "Arms R",
    "bodyModelTexture": "From armor",
    "leggingsModelName": "Default",
    "leggingsModelPartL": "Leggings L",
    "leggingsModelPartR": "Leggings R",
    "leggingsModelTexture": "From armor",
    "bootsModelName": "Default",
    "bootsModelPartL": "Boots L",
    "bootsModelPartR": "Boots R",
    "bootsModelTexture": "From armor",
    "maxDamage": 50,
    "damageValueHelmet": 6,
    "damageValueBody": 9,
    "damageValueLeggings": 7,
    "damageValueBoots": 5,
    "enchantability": 10,
    "toughness": 3.5,
    "knockbackResistance": 0.1,
    "equipSound": {
      "value": "block.sand.fall"
    },
    "repairItems": [
      {
        "value": "CUSTOM:HellCrystallItem"
      }
    ]
  }
}