{
  "_fv": 18,
  "_type": "tool",
  "definition": {
    "renderType": 0,
    "texture": "axe_of_hell2.0",
    "customModelName": "Normal",
    "name": "Axe Of Hell AXE",
    "specialInfo": [],
    "creativeTab": {
      "value": "CUSTOM:AxeTab"
    },
    "toolType": "Axe",
    "harvestLevel": 10,
    "efficiency": 14.0,
    "attackSpeed": 1.0,
    "enchantability": 8,
    "damageVsEntity": 8.0,
    "usageCount": 9872,
    "blocksAffected": [],
    "hasGlow": false,
    "repairItems": [
      {
        "value": "CUSTOM:AxeUp"
      }
    ],
    "immuneToFire": true,
    "stayInGridWhenCrafting": false,
    "damageOnCrafting": false
  }
}