{
  "_fv": 18,
  "_type": "tool",
  "definition": {
    "renderType": 0,
    "texture": "axe_of_hell2",
    "customModelName": "Normal",
    "name": "Axe Of Hell",
    "specialInfo": [],
    "creativeTab": {
      "value": "CUSTOM:HellTab"
    },
    "toolType": "Axe",
    "harvestLevel": 8,
    "efficiency": 12.0,
    "attackSpeed": 1.0,
    "enchantability": 5,
    "damageVsEntity": 7.0,
    "usageCount": 6000,
    "blocksAffected": [],
    "hasGlow": false,
    "repairItems": [
      {
        "value": "CUSTOM:HellCrystallItem"
      }
    ],
    "immuneToFire": true,
    "stayInGridWhenCrafting": false,
    "damageOnCrafting": false
  }
}