{
  "_fv": 18,
  "_type": "recipe",
  "definition": {
    "recipeType": "Crafting",
    "xpReward": 0.0,
    "cookingTime": 200,
    "recipeRetstackSize": 1,
    "group": "",
    "recipeShapeless": false,
    "recipeSlots": [
      {
        "value": "Items.DIAMOND"
      },
      {
        "value": "CUSTOM:ReinforcedThread"
      },
      {
        "value": "Items.QUARTZ"
      },
      {
        "value": "CUSTOM:FortifiedLeather"
      },
      {
        "value": "CUSTOM:NormalBag"
      },
      {
        "value": "CUSTOM:FortifiedLeather"
      },
      {
        "value": "Items.DYE#14"
      },
      {
        "value": "CUSTOM:FortifiedLeather"
      },
      {
        "value": "Items.DYE#14"
      }
    ],
    "recipeReturnStack": {
      "value": "CUSTOM:BigBag"
    },
    "name": "big_bag_recipe",
    "namespace": "mod"
  }
}