{
  "_fv": 18,
  "_type": "recipe",
  "definition": {
    "recipeType": "Crafting",
    "xpReward": 0.0,
    "cookingTime": 200,
    "recipeRetstackSize": 1,
    "group": "",
    "recipeShapeless": false,
    "recipeSlots": [
      {
        "value": ""
      },
      {
        "value": ""
      },
      {
        "value": ""
      },
      {
        "value": "Items.NETHERITE_INGOT"
      },
      {
        "value": "Items.EXPERIENCE_BOTTLE"
      },
      {
        "value": "Items.NETHERITE_INGOT"
      },
      {
        "value": "CUSTOM:FortifiedLeather"
      },
      {
        "value": ""
      },
      {
        "value": "CUSTOM:FortifiedLeather"
      }
    ],
    "recipeReturnStack": {
      "value": "CUSTOM:BootsOfSpeed.boots"
    },
    "name": "boots_of_speed_recipe",
    "namespace": "mod"
  }
}