{
  "_fv": 18,
  "_type": "recipe",
  "definition": {
    "recipeType": "Crafting",
    "xpReward": 0.0,
    "cookingTime": 200,
    "recipeRetstackSize": 1,
    "group": "",
    "recipeShapeless": false,
    "recipeSlots": [
      {
        "value": ""
      },
      {
        "value": "CUSTOM:HellCrystallItem"
      },
      {
        "value": "Items.STRING"
      },
      {
        "value": "CUSTOM:IngotOfHell"
      },
      {
        "value": ""
      },
      {
        "value": "CUSTOM:ReinforcedThread"
      },
      {
        "value": ""
      },
      {
        "value": "CUSTOM:HellCrystallItem"
      },
      {
        "value": "Items.STRING"
      }
    ],
    "recipeReturnStack": {
      "value": "CUSTOM:BowOfHell"
    },
    "name": "bow_of_hell_recipe",
    "namespace": "mod"
  }
}