{
  "_fv": 18,
  "_type": "gun",
  "definition": {
    "renderType": 0,
    "texture": "hell_bow_standby",
    "customModelName": "Normal",
    "name": "Bow Of Hell",
    "specialInfo": [],
    "creativeTab": {
      "value": "CUSTOM:HellTab"
    },
    "stackSize": 1,
    "ammoItem": {
      "value": "CUSTOM:ArrowOfHell"
    },
    "shootConstantly": false,
    "usageCount": 6000,
    "actionSound": {
      "value": "entity.arrow.shoot"
    },
    "hasGlow": false,
    "animation": "bow",
    "enableMeleeDamage": false,
    "damageVsEntity": 12.0,
    "bulletPower": 1.0,
    "bulletDamage": 2.0,
    "bulletKnockback": 5,
    "bulletParticles": true,
    "bulletIgnitesFire": true,
    "bulletItemTexture": {
      "value": "CUSTOM:ArrowOfHell"
    },
    "bulletModel": "Default",
    "customBulletModelTexture": ""
  }
}