{
  "_fv": 18,
  "_type": "recipe",
  "definition": {
    "recipeType": "Crafting",
    "xpReward": 0.0,
    "cookingTime": 200,
    "recipeRetstackSize": 1,
    "group": "",
    "recipeShapeless": false,
    "recipeSlots": [
      {
        "value": ""
      },
      {
        "value": "CUSTOM:ArmorCrystall"
      },
      {
        "value": ""
      },
      {
        "value": "CUSTOM:ArmorCrystall"
      },
      {
        "value": "Items.CHAINMAIL_BOOTS"
      },
      {
        "value": "CUSTOM:ArmorCrystall"
      },
      {
        "value": ""
      },
      {
        "value": "CUSTOM:ArmorCrystall"
      },
      {
        "value": ""
      }
    ],
    "recipeReturnStack": {
      "value": "CUSTOM:ChainmainArmor2.boots"
    },
    "name": "chainmain_armor_boots_recipe",
    "namespace": "mod"
  }
}