{
  "_fv": 18,
  "_type": "food",
  "definition": {
    "renderType": 0,
    "texture": "cooked_platypus_meat",
    "customModelName": "Normal",
    "name": "Cooked Platypus Meat",
    "rarity": "RARE",
    "specialInfo": [],
    "creativeTab": {
      "value": "FOOD"
    },
    "stackSize": 64,
    "nutritionalValue": 5,
    "saturation": 0.4,
    "eatingSpeed": 25,
    "resultItem": {
      "value": ""
    },
    "forDogs": true,
    "isAlwaysEdible": false,
    "animation": "eat",
    "hasGlow": false
  }
}