{
  "_fv": 18,
  "_type": "food",
  "definition": {
    "renderType": 0,
    "texture": "cooked_platypus_meat2.0",
    "customModelName": "Normal",
    "name": "Cooked Platypus Meat EAT",
    "rarity": "EPIC",
    "specialInfo": [],
    "creativeTab": {
      "value": "CUSTOM:EatMode"
    },
    "stackSize": 64,
    "nutritionalValue": 9,
    "saturation": 15.0,
    "eatingSpeed": 24,
    "resultItem": {
      "value": "CUSTOM:ToothItem"
    },
    "forDogs": true,
    "isAlwaysEdible": false,
    "animation": "eat",
    "hasGlow": false,
    "onEaten": {
      "name": "CookedPlatypusMeatEATFoodEaten"
    }
  }
}