{
  "_fv": 18,
  "_type": "tool",
  "definition": {
    "renderType": 0,
    "texture": "diamond_pickaxe2.0",
    "customModelName": "Normal",
    "name": "Diamond Pickaxe PICKAXE",
    "specialInfo": [],
    "creativeTab": {
      "value": "CUSTOM:PickaxeTab"
    },
    "toolType": "Pickaxe",
    "harvestLevel": 5,
    "efficiency": 5.0,
    "attackSpeed": 1.0,
    "enchantability": 5,
    "damageVsEntity": 5.0,
    "usageCount": 1800,
    "blocksAffected": [],
    "hasGlow": false,
    "repairItems": [
      {
        "value": "CUSTOM:PickaxeNugget"
      },
      {
        "value": "Items.DIAMOND"
      }
    ],
    "immuneToFire": false,
    "stayInGridWhenCrafting": false,
    "damageOnCrafting": false
  }
}