{
  "_fv": 18,
  "_type": "gun",
  "definition": {
    "renderType": 0,
    "texture": "egg_machine_gun",
    "customModelName": "Normal",
    "name": "Egg Machine Gun",
    "specialInfo": [],
    "creativeTab": {
      "value": "COMBAT"
    },
    "stackSize": 1,
    "ammoItem": {
      "value": "Items.EGG"
    },
    "shootConstantly": true,
    "usageCount": 0,
    "actionSound": {
      "value": "entity.arrow.shoot"
    },
    "hasGlow": false,
    "animation": "none",
    "enableMeleeDamage": false,
    "damageVsEntity": 0.0,
    "bulletPower": 1.7,
    "bulletDamage": 1.2000000000000002,
    "bulletKnockback": 0,
    "bulletParticles": false,
    "bulletIgnitesFire": false,
    "bulletItemTexture": {
      "value": "Items.EGG"
    },
    "bulletModel": "Default",
    "customBulletModelTexture": ""
  }
}