{
  "_fv": 18,
  "_type": "recipe",
  "definition": {
    "recipeType": "Crafting",
    "xpReward": 0.0,
    "cookingTime": 200,
    "recipeRetstackSize": 1,
    "group": "",
    "recipeShapeless": false,
    "recipeSlots": [
      {
        "value": "Items.PHANTOM_MEMBRANE"
      },
      {
        "value": "Items.QUARTZ"
      },
      {
        "value": "Items.PHANTOM_MEMBRANE"
      },
      {
        "value": "Items.GLOWSTONE_DUST"
      },
      {
        "value": "Items.EGG"
      },
      {
        "value": "Items.GLOWSTONE_DUST"
      },
      {
        "value": ""
      },
      {
        "value": "Items.NETHERITE_INGOT"
      },
      {
        "value": ""
      }
    ],
    "recipeReturnStack": {
      "value": "CUSTOM:EggMachineGun"
    },
    "name": "egg_machine_gun_recipe",
    "namespace": "mod"
  }
}