{
  "_fv": 18,
  "_type": "tool",
  "definition": {
    "renderType": 0,
    "texture": "fila_aida",
    "customModelName": "Normal",
    "name": "Filka Aida",
    "specialInfo": [],
    "creativeTab": {
      "value": "COMBAT"
    },
    "toolType": "Sword",
    "harvestLevel": 25,
    "efficiency": 20.0,
    "attackSpeed": 2.0,
    "enchantability": 15,
    "damageVsEntity": 30.0,
    "usageCount": 0,
    "blocksAffected": [],
    "hasGlow": false,
    "repairItems": [],
    "immuneToFire": true,
    "stayInGridWhenCrafting": false,
    "damageOnCrafting": false,
    "onEntityHitWith": {
      "name": "FilkaAidaKoghdaZhivaiaSushchnostPopadaietSPomoshchiuInstrumienta"
    }
  }
}