{
  "_fv": 18,
  "_type": "tool",
  "definition": {
    "renderType": 0,
    "texture": "fortified_tooth_double_sword",
    "customModelName": "Normal",
    "name": "Fortified Tooth Double Sword",
    "specialInfo": [],
    "creativeTab": {
      "value": "CUSTOM:EatMode"
    },
    "toolType": "Sword",
    "harvestLevel": 10,
    "efficiency": 10.0,
    "attackSpeed": 1.7000000000000002,
    "enchantability": 12,
    "damageVsEntity": 6.5,
    "usageCount": 16000,
    "blocksAffected": [],
    "hasGlow": false,
    "repairItems": [
      {
        "value": "CUSTOM:FortifiedToothDouble"
      }
    ],
    "immuneToFire": false,
    "stayInGridWhenCrafting": false,
    "damageOnCrafting": false
  }
}