{
  "_fv": 18,
  "_type": "tool",
  "definition": {
    "renderType": 0,
    "texture": "fortifiedtoothdoublesword_attack",
    "customModelName": "Normal",
    "name": "Fortified Tooth Double Sword 2.0",
    "specialInfo": [],
    "creativeTab": {
      "value": "CUSTOM:AttackOreTab"
    },
    "toolType": "Sword",
    "harvestLevel": 12,
    "efficiency": 12.0,
    "attackSpeed": 1.8,
    "enchantability": 15,
    "damageVsEntity": 7.5,
    "usageCount": 21000,
    "blocksAffected": [],
    "hasGlow": false,
    "repairItems": [
      {
        "value": "CUSTOM:AttackNugget"
      },
      {
        "value": "CUSTOM:FortifiedToothDouble"
      },
      {
        "value": "CUSTOM:FortifiedTooth"
      }
    ],
    "immuneToFire": false,
    "stayInGridWhenCrafting": false,
    "damageOnCrafting": false,
    "onEntityHitWith": {
      "name": "FortifiedToothDoubleSwordAttackKoghdaZhivaiaSushchnostPopadaietSPomoshchiuInstrumienta"
    }
  }
}