{
  "_fv": 18,
  "_type": "tool",
  "definition": {
    "renderType": 0,
    "texture": "gargoyle_hoe",
    "customModelName": "Normal",
    "name": "Gargoyle Hoe",
    "specialInfo": [],
    "creativeTab": {
      "value": "TOOLS"
    },
    "toolType": "Hoe",
    "harvestLevel": 25,
    "efficiency": 10.0,
    "attackSpeed": 1.4,
    "enchantability": 10,
    "damageVsEntity": 7.0,
    "usageCount": 10000,
    "blocksAffected": [],
    "hasGlow": false,
    "repairItems": [
      {
        "value": "CUSTOM:GargoyleScale"
      }
    ],
    "immuneToFire": true,
    "stayInGridWhenCrafting": false,
    "damageOnCrafting": false,
    "onBlockDestroyedWithTool": {
      "name": "MegaInfectedPickBlockDestroyedWithTool"
    }
  }
}