{
  "_fv": 18,
  "_type": "recipe",
  "definition": {
    "recipeType": "Crafting",
    "xpReward": 0.0,
    "cookingTime": 200,
    "recipeRetstackSize": 1,
    "group": "",
    "recipeShapeless": true,
    "recipeSlots": [
      {
        "value": "Blocks.CRYING_OBSIDIAN"
      },
      {
        "value": "CUSTOM:Invisibleleather"
      },
      {
        "value": "Blocks.OBSIDIAN"
      },
      {
        "value": "Items.DYE#12"
      },
      {
        "value": "Blocks.BRICK_BLOCK"
      },
      {
        "value": "Items.DYE#12"
      },
      {
        "value": "Blocks.OBSIDIAN"
      },
      {
        "value": "Items.DRAGON_BREATH"
      },
      {
        "value": "Blocks.CRYING_OBSIDIAN"
      }
    ],
    "recipeReturnStack": {
      "value": "CUSTOM:GargoyleBlockGive"
    },
    "name": "gargoyle_block_give_recipe",
    "namespace": "mod"
  }
}