{
  "_fv": 18,
  "_type": "recipe",
  "definition": {
    "recipeType": "Crafting",
    "xpReward": 0.0,
    "cookingTime": 200,
    "recipeRetstackSize": 1,
    "group": "",
    "recipeShapeless": false,
    "recipeSlots": [
      {
        "value": ""
      },
      {
        "value": "CUSTOM:PickaxeBlock"
      },
      {
        "value": ""
      },
      {
        "value": "CUSTOM:PickaxeBlock"
      },
      {
        "value": "CUSTOM:GargoylePickaxe"
      },
      {
        "value": "CUSTOM:PickaxeBlock"
      },
      {
        "value": ""
      },
      {
        "value": "CUSTOM:PickaxeBlock"
      },
      {
        "value": ""
      }
    ],
    "recipeReturnStack": {
      "value": "CUSTOM:GargoylePickaxePICKAXE"
    },
    "name": "gargoyle_pickaxe_pickaxe_recipe",
    "namespace": "mod"
  }
}