{
  "_fv": 18,
  "_type": "recipe",
  "definition": {
    "recipeType": "Crafting",
    "xpReward": 0.0,
    "cookingTime": 200,
    "recipeRetstackSize": 8,
    "group": "",
    "recipeShapeless": false,
    "recipeSlots": [
      {
        "value": ""
      },
      {
        "value": "Blocks.OBSIDIAN"
      },
      {
        "value": ""
      },
      {
        "value": "Blocks.OBSIDIAN"
      },
      {
        "value": "CUSTOM:GargoyleScale"
      },
      {
        "value": "Blocks.OBSIDIAN"
      },
      {
        "value": ""
      },
      {
        "value": "Blocks.OBSIDIAN"
      },
      {
        "value": ""
      }
    ],
    "recipeReturnStack": {
      "value": "CUSTOM:GargoyleBomb"
    },
    "name": "gargoyle_bomb_recipe",
    "namespace": "mod"
  }
}