{
  "_fv": 18,
  "_type": "tool",
  "definition": {
    "renderType": 0,
    "texture": "gargoyle_sword",
    "customModelName": "Normal",
    "name": "Gargoyle Sword",
    "specialInfo": [],
    "creativeTab": {
      "value": "COMBAT"
    },
    "toolType": "Sword",
    "harvestLevel": 10,
    "efficiency": 10.0,
    "attackSpeed": 1.8,
    "enchantability": 10,
    "damageVsEntity": 15.5,
    "usageCount": 10000,
    "blocksAffected": [],
    "hasGlow": false,
    "repairItems": [
      {
        "value": "CUSTOM:GargoyleScale"
      }
    ],
    "immuneToFire": true,
    "stayInGridWhenCrafting": false,
    "damageOnCrafting": false,
    "onEntityHitWith": {
      "name": "GargoyleSwordLivingEntityIsHitWithTool"
    }
  }
}