{
  "_fv": 18,
  "_type": "gun",
  "definition": {
    "renderType": 0,
    "texture": "gargoyle_bomb",
    "customModelName": "Normal",
    "name": "Gargoyle Bomb",
    "specialInfo": [],
    "creativeTab": {
      "value": "COMBAT"
    },
    "stackSize": 64,
    "ammoItem": {
      "value": ""
    },
    "shootConstantly": true,
    "usageCount": 1,
    "actionSound": {
      "value": "entity.tnt.primed"
    },
    "hasGlow": false,
    "animation": "none",
    "enableMeleeDamage": false,
    "damageVsEntity": 0.0,
    "onRangedItemUsed": {
      "name": "GargoyleBombRangedItemUsed"
    },
    "bulletPower": 0.5,
    "bulletDamage": 8.0,
    "bulletKnockback": 2,
    "bulletParticles": false,
    "bulletIgnitesFire": true,
    "bulletItemTexture": {
      "value": "CUSTOM:GargoyleBomb"
    },
    "bulletModel": "Default",
    "customBulletModelTexture": "",
    "onBulletHitsBlock": {
      "name": "GargoyleBombBulletHitsBlock"
    },
    "onBulletHitsPlayer": {
      "name": "GargoyleBombBulletHitsBlock"
    },
    "onBulletHitsEntity": {
      "name": "GargoyleBombBulletHitsBlock"
    }
  }
}