{
  "_fv": 18,
  "_type": "recipe",
  "definition": {
    "recipeType": "Crafting",
    "xpReward": 0.0,
    "cookingTime": 200,
    "recipeRetstackSize": 1,
    "group": "",
    "recipeShapeless": true,
    "recipeSlots": [
      {
        "value": ""
      },
      {
        "value": "Items.DIAMOND"
      },
      {
        "value": ""
      },
      {
        "value": "Items.DYE#12"
      },
      {
        "value": "Blocks.WITHER_ROSE"
      },
      {
        "value": "Items.DYE#12"
      },
      {
        "value": ""
      },
      {
        "value": "Items.DIAMOND"
      },
      {
        "value": ""
      }
    ],
    "recipeReturnStack": {
      "value": "CUSTOM:GargoyleGiveItem"
    },
    "name": "gargoyle_giveitem_recipe",
    "namespace": "mod"
  }
}