{
  "_fv": 18,
  "_type": "tool",
  "definition": {
    "renderType": 0,
    "texture": "gargoyle_sword_attack",
    "customModelName": "Normal",
    "name": "Gargoyle Sword Attack",
    "specialInfo": [],
    "creativeTab": {
      "value": "COMBAT"
    },
    "toolType": "Sword",
    "harvestLevel": 12,
    "efficiency": 12.0,
    "attackSpeed": 1.9,
    "enchantability": 10,
    "damageVsEntity": 17.0,
    "usageCount": 12000,
    "blocksAffected": [],
    "hasGlow": false,
    "repairItems": [
      {
        "value": "CUSTOM:AttackBlock"
      },
      {
        "value": "CUSTOM:GargoyleScale"
      }
    ],
    "immuneToFire": true,
    "stayInGridWhenCrafting": false,
    "damageOnCrafting": false,
    "onEntityHitWith": {
      "name": "GargoyleSwordLivingEntityIsHitWithTool"
    }
  }
}