{
  "_fv": 18,
  "_type": "tool",
  "definition": {
    "renderType": 0,
    "texture": "gargoylepickaxepickaxe",
    "customModelName": "Normal",
    "name": "Gargoyle Pickaxe PICKAXE",
    "specialInfo": [],
    "creativeTab": {
      "value": "TOOLS"
    },
    "toolType": "Pickaxe",
    "harvestLevel": 27,
    "efficiency": 16.0,
    "attackSpeed": 1.5,
    "enchantability": 10,
    "damageVsEntity": 8.0,
    "usageCount": 12000,
    "blocksAffected": [],
    "hasGlow": false,
    "repairItems": [
      {
        "value": "CUSTOM:GargoyleScale"
      },
      {
        "value": "CUSTOM:AttackBlock"
      }
    ],
    "immuneToFire": true,
    "stayInGridWhenCrafting": false,
    "damageOnCrafting": false,
    "onBlockDestroyedWithTool": {
      "name": "MegaInfectedPickBlockDestroyedWithTool"
    }
  }
}