{
  "_fv": 18,
  "_type": "tool",
  "definition": {
    "renderType": 0,
    "texture": "gargoyle_axe2.0",
    "customModelName": "Normal",
    "name": "Gargoyle Axe AXE",
    "specialInfo": [],
    "creativeTab": {
      "value": "CUSTOM:AxeTab"
    },
    "toolType": "Axe",
    "harvestLevel": 30,
    "efficiency": 18.0,
    "attackSpeed": 1.6,
    "enchantability": 12,
    "damageVsEntity": 13.5,
    "usageCount": 23450,
    "blocksAffected": [],
    "hasGlow": false,
    "repairItems": [
      {
        "value": "CUSTOM:AxeUpNugget"
      },
      {
        "value": "CUSTOM:GargoyleScale"
      }
    ],
    "immuneToFire": true,
    "stayInGridWhenCrafting": false,
    "damageOnCrafting": false
  }
}