{
  "_fv": 18,
  "_type": "armor",
  "definition": {
    "enableHelmet": true,
    "textureHelmet": "gargoyle_scale_helmet",
    "enableBody": true,
    "textureBody": "gargoyle_scale_body",
    "enableLeggings": true,
    "textureLeggings": "gargoyle_scale_leggings",
    "enableBoots": true,
    "textureBoots": "gargoyle_scale_boots",
    "onHelmetTick": {
      "name": "GargoyleScaleArmorHelmetTickEvent"
    },
    "onBodyTick": {
      "name": "GargoyleScaleArmorBodyTickEvent"
    },
    "onLeggingsTick": {
      "name": "GargoyleScaleArmorLeggingsTickEvent"
    },
    "onBootsTick": {
      "name": "GargoyleScaleArmorBootsTickEvent"
    },
    "creativeTab": {
      "value": "COMBAT"
    },
    "armorTextureFile": "gargoyle_scale_",
    "helmetName": "Gargoyle Scale Armor Helmet",
    "bodyName": "Gargoyle Scale Armor Body",
    "leggingsName": "Gargoyle Scale Armor Leggings",
    "bootsName": "Gargoyle Scale Armor Boots",
    "helmetSpecialInfo": [],
    "bodySpecialInfo": [],
    "leggingsSpecialInfo": [],
    "bootsSpecialInfo": [],
    "helmetModelName": "Default",
    "helmetModelPart": "Helmet",
    "helmetModelTexture": "From armor",
    "bodyModelName": "Default",
    "bodyModelPart": "Body",
    "armsModelPartL": "Arms L",
    "armsModelPartR": "Arms R",
    "bodyModelTexture": "From armor",
    "leggingsModelName": "Default",
    "leggingsModelPartL": "Leggings L",
    "leggingsModelPartR": "Leggings R",
    "leggingsModelTexture": "From armor",
    "bootsModelName": "Default",
    "bootsModelPartL": "Boots L",
    "bootsModelPartR": "Boots R",
    "bootsModelTexture": "From armor",
    "maxDamage": 80,
    "damageValueHelmet": 12,
    "damageValueBody": 16,
    "damageValueLeggings": 15,
    "damageValueBoots": 12,
    "enchantability": 15,
    "toughness": 6.0,
    "knockbackResistance": 1.0,
    "equipSound": {
      "value": "item.armor.equip_netherite"
    },
    "repairItems": [
      {
        "value": "CUSTOM:GargoyleScale"
      }
    ]
  }
}