{
  "_fv": 18,
  "_type": "tool",
  "definition": {
    "renderType": 0,
    "texture": "gargoyle_multitool",
    "customModelName": "Normal",
    "name": "Gargoyle Multi Tool",
    "specialInfo": [],
    "creativeTab": {
      "value": "TOOLS"
    },
    "toolType": "MultiTool",
    "harvestLevel": 35,
    "efficiency": 20.0,
    "attackSpeed": 1.8,
    "enchantability": 12,
    "damageVsEntity": 16.0,
    "usageCount": 0,
    "blocksAffected": [],
    "hasGlow": false,
    "repairItems": [
      {
        "value": "CUSTOM:GargoyleScale"
      },
      {
        "value": "CUSTOM:GargoyleSword"
      },
      {
        "value": "CUSTOM:GargoylePickaxe"
      },
      {
        "value": "CUSTOM:GargoyleAxe"
      },
      {
        "value": "CUSTOM:GargoyleShovel"
      },
      {
        "value": "CUSTOM:GargoyleHoe"
      }
    ],
    "immuneToFire": true,
    "stayInGridWhenCrafting": false,
    "damageOnCrafting": false,
    "onEntityHitWith": {
      "name": "GargoyleSwordLivingEntityIsHitWithTool"
    },
    "onBlockDestroyedWithTool": {
      "name": "MegaInfectedPickBlockDestroyedWithTool"
    }
  }
}