{
  "_fv": 18,
  "_type": "recipe",
  "definition": {
    "recipeType": "Crafting",
    "xpReward": 0.0,
    "cookingTime": 200,
    "recipeRetstackSize": 1,
    "group": "",
    "recipeShapeless": true,
    "recipeSlots": [
      {
        "value": "Items.NETHERITE_SCRAP"
      },
      {
        "value": "CUSTOM:TalismanOfTeeth"
      },
      {
        "value": "CUSTOM:HellCrystallItem"
      },
      {
        "value": "CUSTOM:TalismanOfBerkserk"
      },
      {
        "value": "CUSTOM:TalismanOfMine"
      },
      {
        "value": "CUSTOM:TalismanOfHell"
      },
      {
        "value": "CUSTOM:HellCrystallItem"
      },
      {
        "value": "CUSTOM:TalismanOfLuck"
      },
      {
        "value": "Items.NETHERITE_SCRAP"
      }
    ],
    "recipeReturnStack": {
      "value": "CUSTOM:GoodAmulet"
    },
    "name": "good_amulet_recipe",
    "namespace": "mod"
  }
}