{
  "_fv": 18,
  "_type": "gun",
  "definition": {
    "renderType": 0,
    "texture": "hummer_of_tor",
    "customModelName": "Normal",
    "name": "Hammer Of Tor",
    "specialInfo": [],
    "creativeTab": {
      "value": "COMBAT"
    },
    "stackSize": 1,
    "ammoItem": {
      "value": ""
    },
    "shootConstantly": false,
    "usageCount": 0,
    "actionSound": {
      "value": "entity.arrow.shoot"
    },
    "hasGlow": false,
    "animation": "bow",
    "enableMeleeDamage": true,
    "damageVsEntity": 24.0,
    "bulletPower": 0.7000000000000001,
    "bulletDamage": 8.1,
    "bulletKnockback": 2,
    "bulletParticles": true,
    "bulletIgnitesFire": false,
    "bulletItemTexture": {
      "value": "CUSTOM:HammerOfTor"
    },
    "bulletModel": "Default",
    "customBulletModelTexture": "",
    "onBulletHitsBlock": {
      "name": "ThunderOfZevsKoghdaPuliaPopadaietVBlok"
    },
    "onBulletHitsPlayer": {
      "name": "ThunderOfZevsKoghdaPuliaPopadaietVBlok"
    },
    "onBulletHitsEntity": {
      "name": "ThunderOfZevsKoghdaPuliaPopadaietVBlok"
    }
  }
}