{
  "_fv": 18,
  "_type": "recipe",
  "definition": {
    "recipeType": "Crafting",
    "xpReward": 0.0,
    "cookingTime": 200,
    "recipeRetstackSize": 1,
    "group": "",
    "recipeShapeless": false,
    "recipeSlots": [
      {
        "value": "Items.NETHERITE_INGOT"
      },
      {
        "value": "CUSTOM:FortifiedLeather"
      },
      {
        "value": "Items.NETHERITE_INGOT"
      },
      {
        "value": "CUSTOM:FortifiedLeather"
      },
      {
        "value": "Items.RABBIT_HIDE"
      },
      {
        "value": "CUSTOM:FortifiedLeather"
      },
      {
        "value": ""
      },
      {
        "value": "Items.EXPERIENCE_BOTTLE"
      },
      {
        "value": ""
      }
    ],
    "recipeReturnStack": {
      "value": "CUSTOM:HatOfAssasin.helmet"
    },
    "name": "hat_of_assasin_recipe",
    "namespace": "mod"
  }
}