{
  "_fv": 18,
  "_type": "recipe",
  "definition": {
    "recipeType": "Crafting",
    "xpReward": 0.0,
    "cookingTime": 200,
    "recipeRetstackSize": 1,
    "group": "",
    "recipeShapeless": false,
    "recipeSlots": [
      {
        "value": "CUSTOM:NuggetOfHell"
      },
      {
        "value": "CUSTOM:HellBlock"
      },
      {
        "value": "CUSTOM:NuggetOfHell"
      },
      {
        "value": "CUSTOM:HellCrystallItem"
      },
      {
        "value": "CUSTOM:HellDiamond"
      },
      {
        "value": "CUSTOM:HellCrystallItem"
      },
      {
        "value": "CUSTOM:HellCrystallItem"
      },
      {
        "value": "CUSTOM:HellCrystallItem"
      },
      {
        "value": "CUSTOM:HellCrystallItem"
      }
    ],
    "recipeReturnStack": {
      "value": "CUSTOM:HellBlaster"
    },
    "name": "hell_blaster_recipe",
    "namespace": "mod"
  }
}