{
  "_fv": 18,
  "_type": "tool",
  "definition": {
    "renderType": 0,
    "texture": "infected_pick2.0",
    "customModelName": "Normal",
    "name": "Infected Pick PICKAXE",
    "specialInfo": [],
    "creativeTab": {
      "value": "CUSTOM:PickaxeTab"
    },
    "toolType": "Pickaxe",
    "harvestLevel": 6,
    "efficiency": 9.0,
    "attackSpeed": 1.0,
    "enchantability": 5,
    "damageVsEntity": 5.5,
    "usageCount": 2340,
    "blocksAffected": [],
    "hasGlow": false,
    "repairItems": [
      {
        "value": "CUSTOM:InfectedIngotItem"
      },
      {
        "value": "CUSTOM:PickaxeNugget"
      }
    ],
    "immuneToFire": false,
    "stayInGridWhenCrafting": false,
    "damageOnCrafting": false
  }
}