{
  "_fv": 18,
  "_type": "tool",
  "definition": {
    "renderType": 0,
    "texture": "infectedsword_attack",
    "customModelName": "Normal",
    "name": "Infected Sword 2.0",
    "specialInfo": [],
    "creativeTab": {
      "value": "CUSTOM:AttackOreTab"
    },
    "toolType": "Sword",
    "harvestLevel": 5,
    "efficiency": 8.0,
    "attackSpeed": 1.8,
    "enchantability": 5,
    "damageVsEntity": 7.0,
    "usageCount": 1600,
    "blocksAffected": [],
    "hasGlow": false,
    "repairItems": [
      {
        "value": "CUSTOM:AttackNugget"
      },
      {
        "value": "CUSTOM:InfectedIngotItem"
      }
    ],
    "immuneToFire": false,
    "stayInGridWhenCrafting": false,
    "damageOnCrafting": false,
    "onEntityHitWith": {
      "name": "InfectedSwordAttackLivingEntityIsHitWithTool"
    }
  }
}