{
  "_fv": 18,
  "_type": "armor",
  "definition": {
    "enableHelmet": true,
    "textureHelmet": "infected_head",
    "enableBody": true,
    "textureBody": "infected_chestplate",
    "enableLeggings": true,
    "textureLeggings": "infected_leggings",
    "enableBoots": true,
    "textureBoots": "infected_boots",
    "creativeTab": {
      "value": "CUSTOM:Infected"
    },
    "armorTextureFile": "infected_",
    "helmetName": "Infected Armor Helmet",
    "bodyName": "Infected Armor Body",
    "leggingsName": "Infected Armor Leggings",
    "bootsName": "Infected Armor Boots",
    "helmetSpecialInfo": [],
    "bodySpecialInfo": [],
    "leggingsSpecialInfo": [],
    "bootsSpecialInfo": [],
    "helmetModelName": "Default",
    "helmetModelPart": "Helmet",
    "helmetModelTexture": "From armor",
    "bodyModelName": "Default",
    "bodyModelPart": "Body",
    "armsModelPartL": "Arms L",
    "armsModelPartR": "Arms R",
    "bodyModelTexture": "From armor",
    "leggingsModelName": "Default",
    "leggingsModelPartL": "Leggings L",
    "leggingsModelPartR": "Leggings R",
    "leggingsModelTexture": "From armor",
    "bootsModelName": "Default",
    "bootsModelPartL": "Boots L",
    "bootsModelPartR": "Boots R",
    "bootsModelTexture": "From armor",
    "maxDamage": 25,
    "damageValueHelmet": 5,
    "damageValueBody": 7,
    "damageValueLeggings": 6,
    "damageValueBoots": 4,
    "enchantability": 10,
    "toughness": 2.5,
    "knockbackResistance": 0.0,
    "equipSound": {
      "value": "item.armor.equip_netherite"
    },
    "repairItems": [
      {
        "value": "CUSTOM:InfectedIngotItem"
      }
    ]
  }
}