{
  "_fv": 18,
  "_type": "tool",
  "definition": {
    "renderType": 0,
    "texture": "infected_axe",
    "customModelName": "Normal",
    "name": "Infected Axe",
    "specialInfo": [],
    "creativeTab": {
      "value": "CUSTOM:Infected"
    },
    "toolType": "Axe",
    "harvestLevel": 1,
    "efficiency": 8.0,
    "attackSpeed": 1.0,
    "enchantability": 10,
    "damageVsEntity": 7.0,
    "usageCount": 2340,
    "blocksAffected": [],
    "hasGlow": false,
    "repairItems": [
      {
        "value": "CUSTOM:InfectedIngotItem"
      }
    ],
    "immuneToFire": false,
    "stayInGridWhenCrafting": false,
    "damageOnCrafting": false
  }
}