{
  "_fv": 18,
  "_type": "recipe",
  "definition": {
    "recipeType": "Crafting",
    "xpReward": 0.0,
    "cookingTime": 200,
    "recipeRetstackSize": 8,
    "group": "",
    "recipeShapeless": true,
    "recipeSlots": [
      {
        "value": ""
      },
      {
        "value": ""
      },
      {
        "value": ""
      },
      {
        "value": "Items.DYE#15"
      },
      {
        "value": "CUSTOM:InfectedIngotItem"
      },
      {
        "value": "CUSTOM:InfectedCrusher"
      },
      {
        "value": ""
      },
      {
        "value": ""
      },
      {
        "value": ""
      }
    ],
    "recipeReturnStack": {
      "value": "CUSTOM:InfectedNuggets"
    },
    "name": "infected_nuggets_recipe",
    "namespace": "mod"
  }
}