{
  "_fv": 18,
  "_type": "tool",
  "definition": {
    "renderType": 0,
    "texture": "infected_sword",
    "customModelName": "Normal",
    "name": "Infected Sword",
    "specialInfo": [],
    "creativeTab": {
      "value": "CUSTOM:Infected"
    },
    "toolType": "Sword",
    "harvestLevel": 1,
    "efficiency": 4.0,
    "attackSpeed": 1.7,
    "enchantability": 2,
    "damageVsEntity": 6.0,
    "usageCount": 1320,
    "blocksAffected": [],
    "hasGlow": false,
    "repairItems": [
      {
        "value": "CUSTOM:InfectedIngotItem"
      }
    ],
    "immuneToFire": false,
    "stayInGridWhenCrafting": false,
    "damageOnCrafting": false,
    "onEntityHitWith": {
      "name": "InfectedSwordLivingEntityIsHitWithTool"
    }
  }
}