{
  "_fv": 18,
  "_type": "tool",
  "definition": {
    "renderType": 0,
    "texture": "infected_pick",
    "customModelName": "Normal",
    "name": "Infected Pick",
    "specialInfo": [],
    "creativeTab": {
      "value": "CUSTOM:Infected"
    },
    "toolType": "Pickaxe",
    "harvestLevel": 1,
    "efficiency": 8.0,
    "attackSpeed": 2.0,
    "enchantability": 1,
    "damageVsEntity": 5.0,
    "usageCount": 2340,
    "blocksAffected": [],
    "hasGlow": false,
    "repairItems": [
      {
        "value": "CUSTOM:InfectedIngotItem"
      }
    ],
    "immuneToFire": false,
    "stayInGridWhenCrafting": false,
    "damageOnCrafting": false
  }
}