{
  "_fv": 18,
  "_type": "tool",
  "definition": {
    "renderType": 0,
    "texture": "infected_dagger",
    "customModelName": "Normal",
    "name": "Infected Dagger",
    "specialInfo": [],
    "creativeTab": {
      "value": "CUSTOM:Infected"
    },
    "toolType": "Sword",
    "harvestLevel": 1,
    "efficiency": 10.0,
    "attackSpeed": 2.0,
    "enchantability": 3,
    "damageVsEntity": 5.0,
    "usageCount": 3000,
    "blocksAffected": [],
    "hasGlow": false,
    "repairItems": [
      {
        "value": "CUSTOM:InfectedBlock"
      }
    ],
    "immuneToFire": false,
    "stayInGridWhenCrafting": false,
    "damageOnCrafting": false,
    "onEntityHitWith": {
      "name": "InfectedSwordLivingEntityIsHitWithTool"
    }
  }
}