{
  "_fv": 18,
  "_type": "biome",
  "definition": {
    "name": "Infected Biome",
    "groundBlock": {
      "value": "Blocks.GRASS"
    },
    "undergroundBlock": {
      "value": "Blocks.DIRT#0"
    },
    "grassColor": {
      "value": -16711936,
      "falpha": 0.0
    },
    "foliageColor": {
      "value": -16711936,
      "falpha": 0.0
    },
    "waterColor": {
      "value": -6684775,
      "falpha": 0.0
    },
    "waterFogColor": {
      "value": -6684775,
      "falpha": 0.0
    },
    "ambientSound": {
      "value": ""
    },
    "additionsSound": {
      "value": ""
    },
    "music": {
      "value": ""
    },
    "moodSound": {
      "value": ""
    },
    "moodSoundDelay": 6000,
    "spawnParticles": false,
    "particleToSpawn": {
      "value": "EXPLOSION_NORMAL"
    },
    "particlesProbability": 0.5,
    "biomeCategory": "PLAINS",
    "parent": {
      "value": "No parent"
    },
    "rainingPossibility": 0.30000000000000004,
    "temperature": 0.7000000000000001,
    "baseHeight": 0.1,
    "heightVariation": 0.2,
    "biomeType": "WARM",
    "spawnBiome": true,
    "biomeWeight": 25,
    "biomeDictionaryTypes": [],
    "grassPerChunk": 4,
    "seagrassPerChunk": 0,
    "flowersPerChunk": 0,
    "mushroomsPerChunk": 6,
    "bigMushroomsChunk": 0,
    "sandPatchesPerChunk": 0,
    "gravelPatchesPerChunk": 0,
    "reedsPerChunk": 0,
    "cactiPerChunk": 0,
    "treesPerChunk": 2,
    "vanillaTreeType": "Mega pine trees",
    "treeType": 0,
    "minHeight": 7,
    "maxWaterDepth": 0,
    "treeStem": {
      "value": ""
    },
    "treeBranch": {
      "value": ""
    },
    "treeVines": {
      "value": ""
    },
    "treeFruits": {
      "value": ""
    },
    "spawnStronghold": true,
    "spawnMineshaft": true,
    "spawnPillagerOutpost": true,
    "villageType": "none",
    "spawnWoodlandMansion": false,
    "spawnJungleTemple": true,
    "spawnDesertPyramid": false,
    "spawnIgloo": false,
    "spawnOceanMonument": false,
    "spawnShipwreck": false,
    "oceanRuinType": "WARM",
    "defaultFeatures": [
      "Ores",
      "FrozenTopLayer"
    ],
    "spawnEntries": [
      {
        "entity": {
          "value": "CUSTOM:InfectedPig"
        },
        "minGroup": 1,
        "maxGroup": 2,
        "weight": 5,
        "spawnType": "monster"
      },
      {
        "entity": {
          "value": "CUSTOM:InfectedSpider"
        },
        "minGroup": 1,
        "maxGroup": 2,
        "weight": 6,
        "spawnType": "monster"
      },
      {
        "entity": {
          "value": "CUSTOM:NightGuard"
        },
        "minGroup": 1,
        "maxGroup": 2,
        "weight": 3,
        "spawnType": "monster"
      },
      {
        "entity": {
          "value": "CUSTOM:InfectedCow"
        },
        "minGroup": 1,
        "maxGroup": 2,
        "weight": 5,
        "spawnType": "monster"
      }
    ]
  }
}