{
  "_fv": 18,
  "_type": "recipe",
  "definition": {
    "recipeType": "Crafting",
    "xpReward": 0.0,
    "cookingTime": 200,
    "recipeRetstackSize": 1,
    "group": "",
    "recipeShapeless": false,
    "recipeSlots": [
      {
        "value": ""
      },
      {
        "value": "CUSTOM:InfectedIngotItem"
      },
      {
        "value": ""
      },
      {
        "value": "CUSTOM:InfectedIngotItem"
      },
      {
        "value": "CUSTOM:EggMachineGun"
      },
      {
        "value": "CUSTOM:InfectedIngotItem"
      },
      {
        "value": ""
      },
      {
        "value": "CUSTOM:InfectedIngotItem"
      },
      {
        "value": ""
      }
    ],
    "recipeReturnStack": {
      "value": "CUSTOM:InfectedEggMachineGun"
    },
    "name": "infected_egg_machine_gun_recipe",
    "namespace": "mod"
  }
}