{
  "_fv": 18,
  "_type": "recipe",
  "definition": {
    "recipeType": "Crafting",
    "xpReward": 0.0,
    "cookingTime": 200,
    "recipeRetstackSize": 1,
    "group": "",
    "recipeShapeless": true,
    "recipeSlots": [
      {
        "value": "Items.FERMENTED_SPIDER_EYE"
      },
      {
        "value": "Items.DYE#12"
      },
      {
        "value": "Items.FERMENTED_SPIDER_EYE"
      },
      {
        "value": "Items.DIAMOND"
      },
      {
        "value": "Items.LEATHER"
      },
      {
        "value": "Items.DIAMOND"
      },
      {
        "value": "Items.GOLDEN_CARROT"
      },
      {
        "value": "Items.DYE#12"
      },
      {
        "value": "Items.GOLDEN_CARROT"
      }
    ],
    "recipeReturnStack": {
      "value": "CUSTOM:Invisibleleather"
    },
    "name": "invisible_leather_recipe",
    "namespace": "mod"
  }
}