{
  "_fv": 18,
  "_type": "tool",
  "definition": {
    "renderType": 0,
    "texture": "iron_sword_attack",
    "customModelName": "Normal",
    "name": "Iron Sword",
    "specialInfo": [],
    "creativeTab": {
      "value": "CUSTOM:AttackOreTab"
    },
    "toolType": "Sword",
    "harvestLevel": 5,
    "efficiency": 6.0,
    "attackSpeed": 1.7,
    "enchantability": 5,
    "damageVsEntity": 5.0,
    "usageCount": 492,
    "blocksAffected": [],
    "hasGlow": false,
    "repairItems": [
      {
        "value": "CUSTOM:AttackNugget"
      },
      {
        "value": "Items.IRON_INGOT"
      }
    ],
    "immuneToFire": false,
    "stayInGridWhenCrafting": false,
    "damageOnCrafting": false
  }
}