{
  "_fv": 18,
  "_type": "tool",
  "definition": {
    "renderType": 0,
    "texture": "killer_of_the_hell_attack",
    "customModelName": "Normal",
    "name": "Killer Of The Hell Attack",
    "specialInfo": [],
    "creativeTab": {
      "value": "CUSTOM:AttackOreTab"
    },
    "toolType": "Sword",
    "harvestLevel": 5,
    "efficiency": 6.0,
    "attackSpeed": 2.0,
    "enchantability": 5,
    "damageVsEntity": 9.0,
    "usageCount": 8000,
    "blocksAffected": [],
    "hasGlow": false,
    "repairItems": [
      {
        "value": "CUSTOM:HellCrystallItem"
      },
      {
        "value": "CUSTOM:AttackNugget"
      }
    ],
    "immuneToFire": false,
    "stayInGridWhenCrafting": false,
    "damageOnCrafting": false,
    "onEntityHitWith": {
      "name": "KillerOfHellProcedure"
    }
  }
}