{
  "_fv": 18,
  "_type": "tool",
  "definition": {
    "renderType": 0,
    "texture": "killer_of_the_hell",
    "customModelName": "Normal",
    "name": "Killer Of Hell",
    "specialInfo": [],
    "creativeTab": {
      "value": "CUSTOM:HellTab"
    },
    "toolType": "Sword",
    "harvestLevel": 0,
    "efficiency": 0.0,
    "attackSpeed": 1.9,
    "enchantability": 3,
    "damageVsEntity": 8.0,
    "usageCount": 6000,
    "blocksAffected": [],
    "hasGlow": false,
    "repairItems": [
      {
        "value": "CUSTOM:HellCrystallItem"
      }
    ],
    "immuneToFire": true,
    "stayInGridWhenCrafting": false,
    "damageOnCrafting": true,
    "onEntityHitWith": {
      "name": "KillerOfHellProcedure"
    }
  }
}