{
  "_fv": 18,
  "_type": "recipe",
  "definition": {
    "recipeType": "Crafting",
    "xpReward": 0.0,
    "cookingTime": 200,
    "recipeRetstackSize": 1,
    "group": "",
    "recipeShapeless": true,
    "recipeSlots": [
      {
        "value": "CUSTOM:ScorpionChitin"
      },
      {
        "value": "CUSTOM:Invisibleleather"
      },
      {
        "value": "CUSTOM:FortifiedLeather"
      },
      {
        "value": "CUSTOM:GargoyleScale"
      },
      {
        "value": "CUSTOM:VeryBigBag"
      },
      {
        "value": "CUSTOM:GargoyleScale"
      },
      {
        "value": "CUSTOM:ScorpionChitin"
      },
      {
        "value": "CUSTOM:Invisibleleather"
      },
      {
        "value": "CUSTOM:ReinforcedThread"
      }
    ],
    "recipeReturnStack": {
      "value": "CUSTOM:MegaSuperBackPack2"
    },
    "name": "mega_super_back_pack_recipe",
    "namespace": "mod"
  }
}