{
  "_fv": 18,
  "_type": "item",
  "definition": {
    "renderType": 0,
    "texture": "mega_super_back_pack",
    "customModelName": "Normal",
    "name": "Mega Super Back Pack 2",
    "rarity": "EPIC",
    "creativeTab": {
      "value": "CUSTOM:BagPacks"
    },
    "stackSize": 1,
    "enchantability": 0,
    "useDuration": 0,
    "toolType": 1.0,
    "damageCount": 0,
    "recipeRemainder": {
      "value": ""
    },
    "destroyAnyBlock": false,
    "immuneToFire": true,
    "stayInGridWhenCrafting": false,
    "damageOnCrafting": false,
    "enableMeleeDamage": false,
    "damageVsEntity": 0.0,
    "specialInfo": [],
    "hasGlow": false,
    "guiBoundTo": "MegaSuperBackPack",
    "inventorySize": 88,
    "inventoryStackSize": 64
  }
}