{
  "_fv": 18,
  "_type": "tool",
  "definition": {
    "renderType": 0,
    "texture": "mega_infected_pick2.0",
    "customModelName": "Normal",
    "name": "MEGA Infected Pick PICKAXE",
    "specialInfo": [
      "3�3"
    ],
    "creativeTab": {
      "value": "CUSTOM:PickaxeTab"
    },
    "toolType": "Pickaxe",
    "harvestLevel": 8,
    "efficiency": 12.0,
    "attackSpeed": 1.6,
    "enchantability": 10,
    "damageVsEntity": 7.0,
    "usageCount": 5000,
    "blocksAffected": [],
    "hasGlow": false,
    "repairItems": [
      {
        "value": "CUSTOM:InfectedBlock"
      },
      {
        "value": "CUSTOM:PickaxeBlock"
      }
    ],
    "immuneToFire": false,
    "stayInGridWhenCrafting": false,
    "damageOnCrafting": false,
    "onBlockDestroyedWithTool": {
      "name": "MegaInfectedPickBlockDestroyedWithTool"
    }
  }
}