{
  "_fv": 18,
  "_type": "tool",
  "definition": {
    "renderType": 0,
    "texture": "mega_infected_pick",
    "customModelName": "Normal",
    "name": "Mega Infected Pick",
    "specialInfo": [
      "3�3"
    ],
    "creativeTab": {
      "value": "CUSTOM:Infected"
    },
    "toolType": "Pickaxe",
    "harvestLevel": 6,
    "efficiency": 10.0,
    "attackSpeed": 1.6,
    "enchantability": 8,
    "damageVsEntity": 6.0,
    "usageCount": 12,
    "blocksAffected": [],
    "hasGlow": false,
    "repairItems": [
      {
        "value": "CUSTOM:InfectedBlock"
      }
    ],
    "immuneToFire": false,
    "stayInGridWhenCrafting": false,
    "damageOnCrafting": false,
    "onBlockDestroyedWithTool": {
      "name": "MegaInfectedPickBlockDestroyedWithTool"
    }
  }
}