{
  "_fv": 18,
  "_type": "tool",
  "definition": {
    "renderType": 0,
    "texture": "mifril_blade2.0",
    "customModelName": "Normal",
    "name": "Mifril Blade Attack",
    "specialInfo": [],
    "creativeTab": {
      "value": "CUSTOM:AttackOreTab"
    },
    "toolType": "Sword",
    "harvestLevel": 24,
    "efficiency": 14.0,
    "attackSpeed": 1.7000000000000002,
    "enchantability": 16,
    "damageVsEntity": 13.5,
    "usageCount": 6872,
    "blocksAffected": [],
    "hasGlow": false,
    "repairItems": [
      {
        "value": "CUSTOM:AttackCrystall"
      },
      {
        "value": "CUSTOM:MifrilGem"
      }
    ],
    "immuneToFire": true,
    "stayInGridWhenCrafting": false,
    "damageOnCrafting": false
  }
}