{
  "_fv": 18,
  "_type": "tool",
  "definition": {
    "renderType": 0,
    "texture": "mifril_pickaxe2.0",
    "customModelName": "Normal",
    "name": "Mifril Pickaxe 2.0",
    "specialInfo": [],
    "creativeTab": {
      "value": "CUSTOM:PickaxeTab"
    },
    "toolType": "Pickaxe",
    "harvestLevel": 20,
    "efficiency": 18.0,
    "attackSpeed": 1.0,
    "enchantability": 15,
    "damageVsEntity": 7.0,
    "usageCount": 12432,
    "blocksAffected": [],
    "hasGlow": false,
    "repairItems": [
      {
        "value": "CUSTOM:PickaxeCrystall"
      },
      {
        "value": "CUSTOM:MifrilGem"
      }
    ],
    "immuneToFire": true,
    "stayInGridWhenCrafting": false,
    "damageOnCrafting": false
  }
}