{
  "_fv": 18,
  "_type": "tool",
  "definition": {
    "renderType": 0,
    "texture": "mifril_pickaxe",
    "customModelName": "Normal",
    "name": "Mifril Pickaxe",
    "specialInfo": [],
    "creativeTab": {
      "value": "TOOLS"
    },
    "toolType": "Pickaxe",
    "harvestLevel": 18,
    "efficiency": 15.0,
    "attackSpeed": 1.0,
    "enchantability": 12,
    "damageVsEntity": 6.0,
    "usageCount": 8672,
    "blocksAffected": [],
    "hasGlow": false,
    "repairItems": [
      {
        "value": "CUSTOM:SilverIngot"
      },
      {
        "value": "CUSTOM:MifrilGem"
      }
    ],
    "immuneToFire": true,
    "stayInGridWhenCrafting": false,
    "damageOnCrafting": false
  }
}