{
  "_fv": 18,
  "_type": "tool",
  "definition": {
    "renderType": 0,
    "texture": "mifril_blade",
    "customModelName": "Normal",
    "name": "Mifril Blade",
    "specialInfo": [],
    "creativeTab": {
      "value": "COMBAT"
    },
    "toolType": "Sword",
    "harvestLevel": 20,
    "efficiency": 20.0,
    "attackSpeed": 1.6,
    "enchantability": 15,
    "damageVsEntity": 12.5,
    "usageCount": 3576,
    "blocksAffected": [],
    "hasGlow": false,
    "repairItems": [
      {
        "value": "CUSTOM:MifrilGem"
      }
    ],
    "immuneToFire": true,
    "stayInGridWhenCrafting": false,
    "damageOnCrafting": false,
    "onEntityHitWith": {
      "name": "MifrilBladeKoghdaZhivaiaSushchnostPopadaietSPomoshchiuInstrumienta"
    }
  }
}