{
  "_fv": 18,
  "_type": "recipe",
  "definition": {
    "recipeType": "Crafting",
    "xpReward": 0.0,
    "cookingTime": 200,
    "recipeRetstackSize": 1,
    "group": "",
    "recipeShapeless": true,
    "recipeSlots": [
      {
        "value": ""
      },
      {
        "value": "CUSTOM:AxeOfHell"
      },
      {
        "value": ""
      },
      {
        "value": "CUSTOM:PickaxeOfHell"
      },
      {
        "value": "CUSTOM:KillerOfHellSword"
      },
      {
        "value": "CUSTOM:ShovelOfHell"
      },
      {
        "value": ""
      },
      {
        "value": ""
      },
      {
        "value": ""
      }
    ],
    "recipeReturnStack": {
      "value": "CUSTOM:MultiToolOfHell"
    },
    "name": "multi_tool_of_hell_recipe",
    "namespace": "mod"
  }
}