{
  "_fv": 18,
  "_type": "tool",
  "definition": {
    "renderType": 0,
    "texture": "multitool_of_hell",
    "customModelName": "Normal",
    "name": "Multi Tool Of Hell",
    "specialInfo": [],
    "creativeTab": {
      "value": "CUSTOM:HellTab"
    },
    "toolType": "MultiTool",
    "harvestLevel": 12,
    "efficiency": 16.0,
    "attackSpeed": 1.8,
    "enchantability": 11,
    "damageVsEntity": 10.0,
    "usageCount": 12000,
    "blocksAffected": [],
    "hasGlow": false,
    "repairItems": [
      {
        "value": "CUSTOM:KillerOfHellSword"
      },
      {
        "value": "CUSTOM:PickaxeOfHell"
      },
      {
        "value": "CUSTOM:AxeOfHell"
      },
      {
        "value": "CUSTOM:ShovelOfHell"
      },
      {
        "value": "CUSTOM:HoeOfHell"
      }
    ],
    "immuneToFire": true,
    "stayInGridWhenCrafting": false,
    "damageOnCrafting": false
  }
}