{
  "_fv": 18,
  "_type": "tool",
  "definition": {
    "renderType": 0,
    "texture": "multi_tool_of_teeth",
    "customModelName": "Normal",
    "name": "Multi Tool Of Teeth",
    "specialInfo": [],
    "creativeTab": {
      "value": "CUSTOM:EatMode"
    },
    "toolType": "MultiTool",
    "harvestLevel": 10,
    "efficiency": 14.0,
    "attackSpeed": 1.6,
    "enchantability": 15,
    "damageVsEntity": 4.0,
    "usageCount": 10320,
    "blocksAffected": [],
    "hasGlow": false,
    "repairItems": [
      {
        "value": "CUSTOM:BlockOfTeeth"
      },
      {
        "value": "CUSTOM:FortifiedToothDoubleSword"
      }
    ],
    "immuneToFire": false,
    "stayInGridWhenCrafting": false,
    "damageOnCrafting": false
  }
}