{
  "_fv": 18,
  "_type": "tool",
  "definition": {
    "renderType": 0,
    "texture": "netherite_pickaxe_pickaxe",
    "customModelName": "Normal",
    "name": "Netherite Pickaxe PICKAXE",
    "specialInfo": [],
    "creativeTab": {
      "value": "CUSTOM:PickaxeTab"
    },
    "toolType": "Pickaxe",
    "harvestLevel": 6,
    "efficiency": 6.0,
    "attackSpeed": 1.0,
    "enchantability": 5,
    "damageVsEntity": 5.5,
    "usageCount": 2870,
    "blocksAffected": [],
    "hasGlow": false,
    "repairItems": [
      {
        "value": "CUSTOM:PickaxeNugget"
      },
      {
        "value": "Items.NETHERITE_INGOT"
      }
    ],
    "immuneToFire": true,
    "stayInGridWhenCrafting": false,
    "damageOnCrafting": false
  }
}