{
  "_fv": 18,
  "_type": "armor",
  "definition": {
    "enableHelmet": true,
    "textureHelmet": "netheritearmor_head",
    "enableBody": true,
    "textureBody": "netheritearmor_body",
    "enableLeggings": true,
    "textureLeggings": "netheritearmor_leggings",
    "enableBoots": true,
    "textureBoots": "netheritearmor_boots",
    "onHelmetTick": {
      "name": "NetheriteArmorArmorSobytiieTaktovShliema"
    },
    "onBodyTick": {
      "name": "NetheriteArmorArmorSobytiieTaktovShliema"
    },
    "onLeggingsTick": {
      "name": "NetheriteArmorArmorSobytiieTaktovShliema"
    },
    "onBootsTick": {
      "name": "NetheriteArmorArmorSobytiieTaktovShliema"
    },
    "creativeTab": {
      "value": "CUSTOM:ArmorTab"
    },
    "armorTextureFile": "netheritearmor",
    "helmetName": "NetheriteArmor Helmet",
    "bodyName": "NetheriteArmor Chestplate",
    "leggingsName": "NetheriteArmor Leggings",
    "bootsName": "NetheriteArmor Boots",
    "helmetSpecialInfo": [],
    "bodySpecialInfo": [],
    "leggingsSpecialInfo": [],
    "bootsSpecialInfo": [],
    "helmetModelName": "Default",
    "helmetModelPart": "Helmet",
    "helmetModelTexture": "From armor",
    "bodyModelName": "Default",
    "bodyModelPart": "Body",
    "armsModelPartL": "Arms L",
    "armsModelPartR": "Arms R",
    "bodyModelTexture": "From armor",
    "leggingsModelName": "Default",
    "leggingsModelPartL": "Leggings L",
    "leggingsModelPartR": "Leggings R",
    "leggingsModelTexture": "From armor",
    "bootsModelName": "Default",
    "bootsModelPartL": "Boots L",
    "bootsModelPartR": "Boots R",
    "bootsModelTexture": "From armor",
    "maxDamage": 35,
    "damageValueHelmet": 3,
    "damageValueBody": 8,
    "damageValueLeggings": 6,
    "damageValueBoots": 3,
    "enchantability": 12,
    "toughness": 3.3000000000000003,
    "knockbackResistance": 0.2,
    "equipSound": {
      "value": "item.armor.equip_netherite"
    },
    "repairItems": [
      {
        "value": "CUSTOM:ArmorCrystall"
      },
      {
        "value": "Items.NETHERITE_INGOT"
      }
    ]
  }
}