{
  "_fv": 18,
  "_type": "recipe",
  "definition": {
    "recipeType": "Crafting",
    "xpReward": 0.0,
    "cookingTime": 200,
    "recipeRetstackSize": 1,
    "group": "",
    "recipeShapeless": false,
    "recipeSlots": [
      {
        "value": "Items.STRING"
      },
      {
        "value": "CUSTOM:FortifiedLeather"
      },
      {
        "value": "Items.STRING"
      },
      {
        "value": "CUSTOM:FortifiedLeather"
      },
      {
        "value": "CUSTOM:SmallBag"
      },
      {
        "value": "CUSTOM:FortifiedLeather"
      },
      {
        "value": "Items.STRING"
      },
      {
        "value": "CUSTOM:FortifiedLeather"
      },
      {
        "value": "Items.STRING"
      }
    ],
    "recipeReturnStack": {
      "value": "CUSTOM:NormalBag"
    },
    "name": "normal_bag_recipe",
    "namespace": "mod"
  }
}