{
  "_fv": 18,
  "_type": "tool",
  "definition": {
    "renderType": 0,
    "texture": "pickaxe_of_hell3_2.0",
    "customModelName": "Normal",
    "name": "Pickaxe Of Hell PICKAXE",
    "specialInfo": [],
    "creativeTab": {
      "value": "CUSTOM:PickaxeTab"
    },
    "toolType": "Pickaxe",
    "harvestLevel": 9,
    "efficiency": 13.0,
    "attackSpeed": 2.0,
    "enchantability": 5,
    "damageVsEntity": 5.5,
    "usageCount": 8000,
    "blocksAffected": [],
    "hasGlow": false,
    "repairItems": [
      {
        "value": "CUSTOM:HellCrystallItem"
      },
      {
        "value": "CUSTOM:PickaxeNugget"
      }
    ],
    "immuneToFire": true,
    "stayInGridWhenCrafting": false,
    "damageOnCrafting": false
  }
}