{
  "_fv": 18,
  "_type": "recipe",
  "definition": {
    "recipeType": "Crafting",
    "xpReward": 0.0,
    "cookingTime": 200,
    "recipeRetstackSize": 1,
    "group": "",
    "recipeShapeless": false,
    "recipeSlots": [
      {
        "value": "CUSTOM:HellCrystallItem"
      },
      {
        "value": "CUSTOM:HellCrystallItem"
      },
      {
        "value": "CUSTOM:HellCrystallItem"
      },
      {
        "value": ""
      },
      {
        "value": "CUSTOM:StickOfHell"
      },
      {
        "value": ""
      },
      {
        "value": ""
      },
      {
        "value": "CUSTOM:StickOfHell"
      },
      {
        "value": ""
      }
    ],
    "recipeReturnStack": {
      "value": "CUSTOM:PickaxeOfHell"
    },
    "name": "pickaxe_of_hell_recipe",
    "namespace": "mod"
  }
}