{
  "_fv": 18,
  "_type": "recipe",
  "definition": {
    "recipeType": "Crafting",
    "xpReward": 0.0,
    "cookingTime": 200,
    "recipeRetstackSize": 1,
    "group": "",
    "recipeShapeless": false,
    "recipeSlots": [
      {
        "value": "Items.BAKED_POTATO"
      },
      {
        "value": "Items.BAKED_POTATO"
      },
      {
        "value": "Items.BAKED_POTATO"
      },
      {
        "value": "Items.BAKED_POTATO"
      },
      {
        "value": "Items.BAKED_POTATO"
      },
      {
        "value": "Items.BAKED_POTATO"
      },
      {
        "value": ""
      },
      {
        "value": "Items.BOWL"
      },
      {
        "value": ""
      }
    ],
    "recipeReturnStack": {
      "value": "CUSTOM:Puree"
    },
    "name": "puree_recipe",
    "namespace": "mod"
  }
}