{
  "_fv": 18,
  "_type": "food",
  "definition": {
    "renderType": 0,
    "texture": "puree",
    "customModelName": "Normal",
    "name": "Puree",
    "rarity": "UNCOMMON",
    "specialInfo": [],
    "creativeTab": {
      "value": "FOOD"
    },
    "stackSize": 16,
    "nutritionalValue": 25,
    "saturation": 50.0,
    "eatingSpeed": 32,
    "resultItem": {
      "value": "Items.BOWL"
    },
    "forDogs": false,
    "isAlwaysEdible": false,
    "animation": "eat",
    "hasGlow": false
  }
}