{
  "_fv": 18,
  "_type": "food",
  "definition": {
    "renderType": 0,
    "texture": "raw_platypus_meat",
    "customModelName": "Normal",
    "name": "Raw Platypus Meat",
    "rarity": "UNCOMMON",
    "specialInfo": [],
    "creativeTab": {
      "value": "FOOD"
    },
    "stackSize": 64,
    "nutritionalValue": 3,
    "saturation": 0.19999999999999998,
    "eatingSpeed": 21,
    "resultItem": {
      "value": ""
    },
    "forDogs": true,
    "isAlwaysEdible": false,
    "animation": "eat",
    "hasGlow": false
  }
}