{
  "_fv": 18,
  "_type": "tool",
  "definition": {
    "renderType": 0,
    "texture": "shovel_of_hell",
    "customModelName": "Normal",
    "name": "Shovel Of Hell",
    "specialInfo": [],
    "creativeTab": {
      "value": "CUSTOM:HellTab"
    },
    "toolType": "Spade",
    "harvestLevel": 8,
    "efficiency": 12.0,
    "attackSpeed": 1.0,
    "enchantability": 5,
    "damageVsEntity": 4.5,
    "usageCount": 6000,
    "blocksAffected": [],
    "hasGlow": false,
    "repairItems": [
      {
        "value": "CUSTOM:HellCrystallItem"
      }
    ],
    "immuneToFire": true,
    "stayInGridWhenCrafting": false,
    "damageOnCrafting": false
  }
}