{
  "_fv": 18,
  "_type": "tool",
  "definition": {
    "renderType": 0,
    "texture": "silver_axe2.0",
    "customModelName": "Normal",
    "name": "Silver Axe 2.0",
    "specialInfo": [],
    "creativeTab": {
      "value": "CUSTOM:AxeTab"
    },
    "toolType": "Axe",
    "harvestLevel": 12,
    "efficiency": 12.0,
    "attackSpeed": 1.0,
    "enchantability": 10,
    "damageVsEntity": 9.0,
    "usageCount": 8760,
    "blocksAffected": [],
    "hasGlow": false,
    "repairItems": [
      {
        "value": "CUSTOM:SilverIngot"
      },
      {
        "value": "CUSTOM:AxeUpNugget"
      }
    ],
    "immuneToFire": true,
    "stayInGridWhenCrafting": false,
    "damageOnCrafting": false
  }
}