{
  "_fv": 18,
  "_type": "recipe",
  "definition": {
    "recipeType": "Crafting",
    "xpReward": 0.0,
    "cookingTime": 200,
    "recipeRetstackSize": 1,
    "group": "",
    "recipeShapeless": false,
    "recipeSlots": [
      {
        "value": ""
      },
      {
        "value": "CUSTOM:AttackCrystall"
      },
      {
        "value": ""
      },
      {
        "value": "CUSTOM:AttackCrystall"
      },
      {
        "value": "CUSTOM:SilverSword"
      },
      {
        "value": "CUSTOM:AttackCrystall"
      },
      {
        "value": ""
      },
      {
        "value": "CUSTOM:AttackCrystall"
      },
      {
        "value": ""
      }
    ],
    "recipeReturnStack": {
      "value": "CUSTOM:SilverSwordAttack"
    },
    "name": "silver_sword_attack_recipe",
    "namespace": "mod"
  }
}