{
  "_fv": 18,
  "_type": "tool",
  "definition": {
    "renderType": 0,
    "texture": "silver_pickaxe2.0",
    "customModelName": "Normal",
    "name": "Silver Pickaxe PICKAXE",
    "specialInfo": [],
    "creativeTab": {
      "value": "TOOLS"
    },
    "toolType": "Pickaxe",
    "harvestLevel": 14,
    "efficiency": 14.0,
    "attackSpeed": 1.0,
    "enchantability": 9,
    "damageVsEntity": 5.0,
    "usageCount": 9768,
    "blocksAffected": [],
    "hasGlow": false,
    "repairItems": [
      {
        "value": "CUSTOM:SilverIngot"
      },
      {
        "value": "CUSTOM:PickaxeCrystall"
      }
    ],
    "immuneToFire": true,
    "stayInGridWhenCrafting": false,
    "damageOnCrafting": false
  }
}