{
  "_fv": 18,
  "_type": "tool",
  "definition": {
    "renderType": 0,
    "texture": "silver_pickaxe",
    "customModelName": "Normal",
    "name": "Silver Pickaxe",
    "specialInfo": [],
    "creativeTab": {
      "value": "TOOLS"
    },
    "toolType": "Pickaxe",
    "harvestLevel": 12,
    "efficiency": 12.0,
    "attackSpeed": 1.0,
    "enchantability": 8,
    "damageVsEntity": 4.5,
    "usageCount": 6540,
    "blocksAffected": [],
    "hasGlow": false,
    "repairItems": [
      {
        "value": "CUSTOM:SilverIngot"
      }
    ],
    "immuneToFire": false,
    "stayInGridWhenCrafting": false,
    "damageOnCrafting": false
  }
}