{
  "_fv": 18,
  "_type": "tool",
  "definition": {
    "renderType": 0,
    "texture": "silver_shovel",
    "customModelName": "Normal",
    "name": "Silver Shovel",
    "specialInfo": [],
    "creativeTab": {
      "value": "TOOLS"
    },
    "toolType": "Spade",
    "harvestLevel": 10,
    "efficiency": 10.0,
    "attackSpeed": 1.0,
    "enchantability": 8,
    "damageVsEntity": 4.0,
    "usageCount": 6540,
    "blocksAffected": [],
    "hasGlow": false,
    "repairItems": [
      {
        "value": "CUSTOM:SilverIngot"
      }
    ],
    "immuneToFire": false,
    "stayInGridWhenCrafting": false,
    "damageOnCrafting": false
  }
}