{
  "_fv": 18,
  "_type": "tool",
  "definition": {
    "renderType": 0,
    "texture": "stone_axe2.0",
    "customModelName": "Normal",
    "name": "Stone Axe AXE",
    "specialInfo": [],
    "creativeTab": {
      "value": "CUSTOM:AxeTab"
    },
    "toolType": "Axe",
    "harvestLevel": 6,
    "efficiency": 6.0,
    "attackSpeed": 1.0,
    "enchantability": 12,
    "damageVsEntity": 7.0,
    "usageCount": 500,
    "blocksAffected": [],
    "hasGlow": false,
    "repairItems": [
      {
        "value": "CUSTOM:AxeUpNugget"
      },
      {
        "value": "Blocks.STONE#0"
      },
      {
        "value": "Blocks.COBBLESTONE"
      }
    ],
    "immuneToFire": true,
    "stayInGridWhenCrafting": false,
    "damageOnCrafting": false
  }
}