{
  "_fv": 18,
  "_type": "tool",
  "definition": {
    "renderType": 0,
    "texture": "stone_sword_attack",
    "customModelName": "Normal",
    "name": "Stone Sword Attack",
    "specialInfo": [],
    "creativeTab": {
      "value": "CUSTOM:AttackOreTab"
    },
    "toolType": "Sword",
    "harvestLevel": 4,
    "efficiency": 5.0,
    "attackSpeed": 1.7,
    "enchantability": 5,
    "damageVsEntity": 4.0,
    "usageCount": 248,
    "blocksAffected": [],
    "hasGlow": false,
    "repairItems": [
      {
        "value": "CUSTOM:AttackNugget"
      },
      {
        "value": "Blocks.STONE#0"
      },
      {
        "value": "Blocks.COBBLESTONE"
      }
    ],
    "immuneToFire": false,
    "stayInGridWhenCrafting": false,
    "damageOnCrafting": false
  }
}