{
  "_fv": 18,
  "_type": "tool",
  "definition": {
    "renderType": 0,
    "texture": "stone_pickaxe2.0",
    "customModelName": "Normal",
    "name": "Stone Pickaxe PICKAXE",
    "specialInfo": [],
    "creativeTab": {
      "value": "CUSTOM:PickaxeTab"
    },
    "toolType": "Pickaxe",
    "harvestLevel": 3,
    "efficiency": 5.0,
    "attackSpeed": 1.0,
    "enchantability": 5,
    "damageVsEntity": 4.0,
    "usageCount": 250,
    "blocksAffected": [],
    "hasGlow": false,
    "repairItems": [
      {
        "value": "CUSTOM:PickaxeNugget"
      },
      {
        "value": "Blocks.STONE#0"
      },
      {
        "value": "Blocks.COBBLESTONE"
      }
    ],
    "immuneToFire": false,
    "stayInGridWhenCrafting": false,
    "damageOnCrafting": false
  }
}