{
  "_fv": 18,
  "_type": "tool",
  "definition": {
    "renderType": 0,
    "texture": "sword_of_tooth_attack",
    "customModelName": "Normal",
    "name": "Sword Of Teeth Attack",
    "specialInfo": [],
    "creativeTab": {
      "value": "CUSTOM:AttackOreTab"
    },
    "toolType": "Sword",
    "harvestLevel": 6,
    "efficiency": 12.0,
    "attackSpeed": 2.0,
    "enchantability": 5,
    "damageVsEntity": 5.0,
    "usageCount": 2562,
    "blocksAffected": [],
    "hasGlow": false,
    "repairItems": [
      {
        "value": "CUSTOM:AttackNugget"
      },
      {
        "value": "CUSTOM:FortifiedTooth"
      }
    ],
    "immuneToFire": false,
    "stayInGridWhenCrafting": false,
    "damageOnCrafting": false,
    "onEntityHitWith": {
      "name": "SwordOfTeethAttackKoghdaZhivaiaSushchnostPopadaietSPomoshchiuInstrumienta"
    }
  }
}