{
  "_fv": 18,
  "_type": "tool",
  "definition": {
    "renderType": 0,
    "texture": "sword_of_tooth",
    "customModelName": "Normal",
    "name": "Sword Of Teeth",
    "specialInfo": [],
    "creativeTab": {
      "value": "CUSTOM:EatMode"
    },
    "toolType": "Sword",
    "harvestLevel": 4,
    "efficiency": 10.0,
    "attackSpeed": 1.9,
    "enchantability": 8,
    "damageVsEntity": 4.5,
    "usageCount": 2000,
    "blocksAffected": [],
    "hasGlow": false,
    "repairItems": [
      {
        "value": "CUSTOM:ToothItem"
      }
    ],
    "immuneToFire": false,
    "stayInGridWhenCrafting": false,
    "damageOnCrafting": false
  }
}