{
  "_fv": 18,
  "_type": "dimension",
  "definition": {
    "biomesInDimension": [
      {
        "value": "CUSTOM:TarTarBiom"
      }
    ],
    "worldGenType": "Nether like gen",
    "mainFillerBlock": {
      "value": "Blocks.CRIMSON_HYPHAE"
    },
    "fluidBlock": {
      "value": "Blocks.FLOWING_LAVA"
    },
    "canRespawnHere": true,
    "hasFog": false,
    "isDark": false,
    "doesWaterVaporize": true,
    "sleepResult": "BED_EXPLODES",
    "hasSkyLight": false,
    "imitateOverworldBehaviour": false,
    "portalFrame": {
      "value": "Blocks.CRYING_OBSIDIAN"
    },
    "portalParticles": {
      "value": "EXPLOSION_NORMAL"
    },
    "portalLuminance": 0,
    "portalSound": {
      "value": "block.portal.ambient"
    },
    "igniterName": "Tar Tar Portal Intriger",
    "igniterTab": {
      "value": "TOOLS"
    },
    "texture": "tar_tar_intriger",
    "portalTexture": "tar_tar_ramka",
    "enablePortal": true
  }
}