{
  "_fv": 18,
  "_type": "biome",
  "definition": {
    "name": "Tar Tar Biom",
    "groundBlock": {
      "value": "Blocks.CRIMSON_NYLIUM"
    },
    "undergroundBlock": {
      "value": "Blocks.NETHER_WART_BLOCK"
    },
    "airColor": {
      "value": -26266,
      "falpha": 0.0
    },
    "waterFogColor": {
      "value": -13108,
      "falpha": 0.0
    },
    "ambientSound": {
      "value": ""
    },
    "additionsSound": {
      "value": ""
    },
    "music": {
      "value": ""
    },
    "moodSound": {
      "value": ""
    },
    "moodSoundDelay": 6000,
    "spawnParticles": false,
    "particleToSpawn": {
      "value": "EXPLOSION_NORMAL"
    },
    "particlesProbability": 0.5,
    "biomeCategory": "NETHER",
    "parent": {
      "value": "No parent"
    },
    "rainingPossibility": 0.0,
    "temperature": 0.7999999999999999,
    "baseHeight": 0.1,
    "heightVariation": 0.2,
    "biomeType": "DESERT",
    "spawnBiome": false,
    "biomeWeight": 10,
    "biomeDictionaryTypes": [],
    "grassPerChunk": 0,
    "seagrassPerChunk": 0,
    "flowersPerChunk": 0,
    "mushroomsPerChunk": 0,
    "bigMushroomsChunk": 0,
    "sandPatchesPerChunk": 3,
    "gravelPatchesPerChunk": 0,
    "reedsPerChunk": 0,
    "cactiPerChunk": 0,
    "treesPerChunk": 6,
    "vanillaTreeType": "Default",
    "treeType": 1,
    "minHeight": 7,
    "maxWaterDepth": 0,
    "treeStem": {
      "value": "Blocks.CRIMSON_STEM"
    },
    "treeBranch": {
      "value": "Blocks.CRIMSON_HYPHAE"
    },
    "treeVines": {
      "value": ""
    },
    "treeFruits": {
      "value": ""
    },
    "spawnStronghold": false,
    "spawnMineshaft": false,
    "spawnPillagerOutpost": false,
    "villageType": "none",
    "spawnWoodlandMansion": false,
    "spawnJungleTemple": false,
    "spawnDesertPyramid": false,
    "spawnIgloo": false,
    "spawnOceanMonument": false,
    "spawnShipwreck": false,
    "oceanRuinType": "NONE",
    "defaultFeatures": [
      "Caves",
      "Ores",
      "FrozenTopLayer"
    ],
    "spawnEntries": []
  }
}